{"cameraMode":{"drawMode":0,"name":"Shaded","section":"Shading Mode"},"sceneLighting":false,"audioPlay":false,"sceneViewState":{"showFog":true,"showMaterialUpdate":false,"showSkybox":false,"showFlares":true,"showImageEffects":true,"showParticleSystems":true},"in2DMode":false,"pivot":{"x":74.48999786376953,"y":-0.1499999761581421,"z":0.0},"rotation":{"x":-0.059738751500844958,"y":-0.034334223717451099,"z":0.0020572536159306766,"w":-0.9976253509521484},"size":4.881625652313232,"orthographic":true}