{"cameraMode":{"drawMode":0,"name":"Shaded","section":"Shading Mode"},"sceneLighting":false,"audioPlay":false,"sceneViewState":{"showFog":true,"showMaterialUpdate":false,"showSkybox":false,"showFlares":true,"showImageEffects":true,"showParticleSystems":true},"in2DMode":false,"pivot":{"x":-61.95000076293945,"y":6.550000190734863,"z":-38.86000061035156},"rotation":{"x":-0.12055696547031403,"y":-0.17612142860889436,"z":0.021739045158028604,"w":-0.9767179489135742},"size":25.74062728881836,"orthographic":false}