{"cameraMode":{"drawMode":0,"name":"Shaded","section":"Shading Mode"},"sceneLighting":false,"audioPlay":false,"sceneViewState":{"showFog":true,"showMaterialUpdate":false,"showSkybox":false,"showFlares":true,"showImageEffects":true,"showParticleSystems":true},"in2DMode":false,"pivot":{"x":-41.379329681396487,"y":0.98236483335495,"z":-27.854875564575197},"rotation":{"x":0.011680067516863346,"y":-0.041387878358364108,"z":-0.0004839702742174268,"w":-0.999075174331665},"size":27.493755340576173,"orthographic":false}