{"cameraMode":{"drawMode":0,"name":"Shaded","section":"Shading Mode"},"sceneLighting":false,"audioPlay":false,"sceneViewState":{"showFog":true,"showMaterialUpdate":false,"showSkybox":false,"showFlares":true,"showImageEffects":true,"showParticleSystems":true},"in2DMode":false,"pivot":{"x":-18.59000015258789,"y":2.0999999046325685,"z":-14.316755294799805},"rotation":{"x":-0.059738751500844958,"y":-0.034334223717451099,"z":0.0020572536159306766,"w":-0.9976253509521484},"size":0.00002276718441862613,"orthographic":true}