{"cameraMode":{"drawMode":0,"name":"Shaded","section":"Shading Mode"},"sceneLighting":false,"audioPlay":false,"sceneViewState":{"showFog":true,"showMaterialUpdate":false,"showSkybox":false,"showFlares":true,"showImageEffects":true,"showParticleSystems":true},"in2DMode":false,"pivot":{"x":-0.7300000190734863,"y":4.179999828338623,"z":-5.0},"rotation":{"x":-0.059738751500844958,"y":-0.034334223717451099,"z":0.0020572536159306766,"w":-0.9976253509521484},"size":1.5008224248886109,"orthographic":true}